SRR,Herbarium,Voucher Identifier,Location,Approximate Latitude,Approximate Longitude,Invaded,Collection Year,Specimen Comments,total number of reads (flagstat),number mapped (transcriptome),% mapped,% duplicate,total number (genomic reference),number mapped (genomic reference),% mapped (genomic reference),% duplicate (genomic reference),Specimen Link
SRR29127757,VDB,Carter 16845,Georgia,31.51865,-82.6263,Y,2006,,64797059,13987424,21.59,0.143011,70550205,65975090,93.52,,https://www.pteridoportal.org/portal/collections/individual/index.php?occid=890513&clid=0
SRR29127758,VDB,Carter 17651,Georgia,31.03283,-82.76145,Y,2007,,62529197,13515157,21.61,0.13601,68274199,64338049,94.23,,https://www.pteridoportal.org/portal/collections/individual/index.php?occid=890512&clid=0
SRR29127762,VDB,Keener 3265,Alabama,33.121111,-87.667778,Y,2006,,58631041,11655685,19.88,0.175613,63481664,58368427,91.95,,https://www.pteridoportal.org/portal/collections/individual/index.php?occid=2933052&clid=0
SRR29127755,VDB,MacDonald 10945,Mississippi,33.264338,-89.150031,Y,1997,"Coords are approximate, based on locality description: 0.7 miles SW of Choctaw Lake, Tombigbee National Forest",50447184,10858946,21.53,0.125728,54413329,51421720,94.5,0.029495,https://www.pteridoportal.org/portal/collections/individual/index.php?occid=889141&clid=0
SRR29127796,VDB,Spaulding 12162,Alabama,32.030639,-85.462028,Y,2001,,50088405,10050917,20.07,0.212036,54259803,50497652,93.07,0.118488,https://www.pteridoportal.org/portal/collections/individual/index.php?occid=2933053&clid=0
SRR29127756,VDB,Carter 16972,Georgia,31.86043,-81.43398,Y,2006,,49888599,10125113,20.3,0.170283,54594917,50890934,93.22,0.062499,https://www.pteridoportal.org/portal/collections/individual/index.php?occid=890515&clid=0
SRR29127760,VDB,Athey s.n.,Florida,30.173586,-85.186772,Y,1976,"Coords are approximate, based on locality description: At Fish Camp on Charlies Dead Lakes.",48232945,9162362,19,0.133618,51234556,45895737,89.58,0.05023,https://www.pteridoportal.org/portal/collections/individual/index.php?occid=889317&clid=0
SRR29127759,VDB,Leonard 7937,Florida,28.634916,-82.401347,Y,1982,"Coords are approximate, based on locality description: N of Rt. 476 and opposite quarry entrance that is 0.7 mi. E on Rt. 476 from Rt. 491",37579961,7397583,19.68,0.105876,39422893,35040968,88.88,0.022635,https://www.pteridoportal.org/portal/collections/individual/index.php?occid=887477&clid=0
SRR29127734,USCH,Nelson 30222,South Carolina,33.0618,-81.5672,Y,2012,,31900872,7289837,22.85,0.139535,35062772,32660683,93.15,0.022884,https://www.pteridoportal.org/portal/collections/individual/index.php?occid=4309129&clid=0
SRR29127787,UC,Togasi 1181,Japan,34.822,135.388,N,1955,Coords are for Yamamoto Station,31755732,7122894,22.43,0.117743,32835112,30357347,92.45,0.023612,https://www.pteridoportal.org/portal/collections/individual/index.php?occid=1513124&clid=0
SRR29127790,VDB,Short 847,Alabama,31.883833,-85.133355,Y,1976,"Coords are approximate, based on locality description: Old River bridge route, Eufaula city limits",30391903,6295200,20.71,0.248197,32958502,30957476,93.93,0.166107,https://www.pteridoportal.org/portal/collections/individual/index.php?occid=2850120&clid=0
SRR29127784,UC,Charette 1523,Japan,34.166667,132.166667,N,1953,,29458665,7388248,25.08,0.097938,31988975,30816308,96.33,0.01944,https://www.pteridoportal.org/portal/collections/individual/index.php?occid=319842&clid=0
SRR29127735,USCH,Nelson 31410,South Carolina,33.1972,-79.5106,Y,2012,,29088598,6906971,23.74,0.137318,31916341,30008899,94.02,0.035561,https://www.pteridoportal.org/portal/collections/individual/index.php?occid=4309142&clid=0
SRR29127792,FLAS,Smith B2014-909,Florida,30.222157,-85.592924,Y,2014,"Coords are approximate, based on locality description: GAC contractors at intersection of US 231 and Mill Bayou",28370695,6489715,22.87,0.128038,31223978,29282811,93.78,0.015881,https://www.pteridoportal.org/portal/collections/individual/index.php?occid=1372463&clid=0
SRR29127733,FLAS,Ward 8481,Florida,30.669293,-85.517285,Y,1972,"Coords are approximate, based on locality description: Orange Hill, SE of Chipley, FL",27986391,6537571,23.36,0.203449,30599234,29140621,95.23,0.131456,https://www.pteridoportal.org/portal/collections/individual/index.php?occid=1374384&clid=0
SRR29127729,FLAS,Hassell B2014-310,Florida,30.64742,-81.903908,Y,2014,,27265887,6132660,22.49,0.170266,30329647,28451213,93.81,0.020855,https://www.pteridoportal.org/portal/collections/individual/index.php?occid=1373686&clid=0
SRR29127791,FLAS,Judd 8010,Florida,29.632251,-82.369117,Y,2001,"Coords are approximate, based on locality description: NATL on UF campus",25233981,6175941,24.47,0.105882,27629961,26490477,95.88,0.018632,
SRR29127732,FLAS,Abbott 1653,Florida,27.902774,-82.777936,Y,1992,"Coords are approximate, based on locality description: near and along railroad along Donegan Rd ",24529885,6036678,24.61,0.129573,26815558,25693982,95.82,0.048793,https://www.pteridoportal.org/portal/collections/individual/index.php?occid=1372948&clid=0
SRR29127727,FLAS,Koch 91,Florida,29.959467,-82.953583,Y,2007,,22831174,5161678,22.61,0.095659,24726299,22999176,93.02,0.022955,https://www.pteridoportal.org/portal/collections/individual/index.php?occid=1372882&clid=0
SRR29127728,FLAS,Abbott 13857,Florida,30.2456667,-85.0048167,Y,2000,,22522337,5205948,23.11,0.109757,24584373,23436547,95.33,0.029697,https://www.pteridoportal.org/portal/collections/individual/index.php?occid=1373298&clid=0
SRR29127767,UC,Gaoligon Shand Biodiversity Survey 17184,China,24.888056,98.69,N,2003,,21331893,5331322,24.99,0.08722,23161575,22116448,95.49,0.020475,https://www.pteridoportal.org/portal/collections/individual/index.php?occid=1513109&clid=0
SRR29127737,KANU,Coile 2209,Georgia,32.84,-83.63,Y,1980,"Coords are approximatel, based on locality description: Burns Brick Company S of Macon, GA",21136594,4403309,20.83,0.182314,22251064,21145779,95.03,0.124611,https://www.pteridoportal.org/portal/collections/individual/index.php?occid=4602953&clid=0
SRR29127743,NLU,Tan 32,Florida,29.909928,-82.578941,Y,1989,"Coords are approximate, based on locality description: Pareners Branch Loop, O'Leno State Park",21046639,4583720,21.78,0.09783,22396965,21124581,94.32,0.035509,https://www.pteridoportal.org/portal/collections/individual/index.php?occid=2854376&clid=0
SRR29127797,BRIT,Peck 2338,Arkansas,34.09113,-92.547037,Y,2002,"Coords are approximate, based on locality description: 3 mi south of Ivy, AR in Dallas County on AR-229",20488145,4060343,19.82,0.219157,22306734,20608053,92.38,0.136058,https://www.pteridoportal.org/portal/collections/individual/index.php?occid=2838774&clid=0
SRR29127748,NLU,Arnett 425,Louisiana,31.401892,-92.267307,Y,2002,"Coords are approximate, based on locality description: 0.2 km W of Flagon Bayou",20481527,3932726,19.2,0.103772,22269756,19409882,87.16,0.026041,https://www.pteridoportal.org/portal/collections/individual/index.php?occid=2172435&clid=0
SRR29127785,UC,Nishida 27,Japan,35.14391,139.15454,N,1952,"Coords are approximate, based on locality description: Manazuru point, Kanagawa",20278567,5008048,24.7,0.081377,21693878,20810390,95.93,0.021059,https://www.pteridoportal.org/portal/collections/individual/index.php?occid=1513175&clid=0
SRR29127761,VDB,Diamond 12571,Alabama,31.42,-86.82,Y,2001,"Coords are approximate, based on locality description: Section 7, Township 9 North, Range 16 East in Butler County, Alabama",20090885,4142450,20.62,0.095399,21801198,20501883,94.04,0.01997,https://www.pteridoportal.org/portal/collections/individual/index.php?occid=886276&clid=0
SRR29127736,FLAS,Judd 8010,Florida,29.632251,-82.369117,Y,2001,"Coords are approximate, based on locality description: NATL on UF campus",20076156,4875042,24.28,0.114135,21870332,20953572,95.81,0.037742,https://www.pteridoportal.org/portal/collections/individual/index.php?occid=1373593&clid=0
SRR29127795,FLAS,Perkins 303,Florida,30.157755,-85.184772,Y,1977,"Coords are approximate, based on locality description: 12 mi NE of Port St. Joe, E of 71, near Cypress Creek",19985113,4567955,22.86,0.081544,21017313,20344312,96.8,0.028007,https://www.pteridoportal.org/portal/collections/individual/index.php?occid=1374691&clid=0
SRR29127770,UC,Cheng 998,China,N/A,N/A,N,1948,Can't determine location,19021698,4872907,25.62,0.095375,20379764,19703967,96.68,0.027332,https://www.pteridoportal.org/portal/collections/individual/index.php?occid=1513114&clid=0
SRR29127763,VDB,Diamond 14037,Alabama,32.887222,-87.342222,Y,2003,,18877494,3821972,20.25,0.119246,20603516,19283829,93.59,0.043079,https://www.pteridoportal.org/portal/collections/individual/index.php?occid=887237&clid=0
SRR29127789,UC,Miyoshi s.n.,China,N/A,N/A,N,1956,Can't determine location,18074840,4363830,24.14,0.070165,19120147,18207241,95.23,0.019796,https://www.pteridoportal.org/portal/collections/individual/index.php?occid=1513167&clid=0
SRR29127738,KANU,Snyder 1247,Georgia,32.184965,-83.914607,Y,1985,,17799001,3608737,20.27,0.14047,18732634,17726164,94.63,0.087881,https://www.pteridoportal.org/portal/collections/individual/index.php?occid=4275620&clid=0
SRR29127741,NLU,Resico s.n.,Florida,27.9,-82.16,Y,1974,"Coords are approximate, based on locality description: between Alderman Ford and Alafia bridge",17583816,2105285,11.97,0.153978,17997751,10564092,58.7,0.100053,https://www.pteridoportal.org/portal/collections/individual/index.php?occid=2854375&clid=0
SRR29127769,UC,Tsang 21058,China,24.35909,116.654527,N,1932,,17439722,4596711,26.36,0.092539,18430634,17666039,95.85,0.028077,https://www.pteridoportal.org/portal/collections/individual/index.php?occid=917225&clid=0
SRR29127744,NLU,Hansen 2001-51,Alabama,32.594583,-85.488194,Y,2001,,17388713,3597596,20.69,0.086847,18352148,17239104,93.94,0.036991,https://www.pteridoportal.org/portal/collections/individual/index.php?occid=2854395&clid=0
SRR29127726,FLAS,Gholson Jr 3090,Florida,30.733813,-84.933474,Y,1973,"Coords are approximate, based on locality description: Sneads Landing, Lake Seminole, FL",16821192,3976116,23.64,0.086742,17519130,16734818,95.52,0.017992,https://www.pteridoportal.org/portal/collections/individual/index.php?occid=1368009&clid=0
SRR29127739,NLU,Joye 386,Georgia,31.21652,-83.274219,Y,1981,"Coords are approximate, based on locality description: W of Nashville along Withlacoochee River on Ga. 125",16767185,3235769,19.3,0.310581,17422646,16042136,92.08,0.247673,https://www.pteridoportal.org/portal/collections/individual/index.php?occid=2854372&clid=0
SRR29127786,UC,Hiroe 16338,Japan,34.900741,135.675255,N,1963,"Coords are approximate, based on locality description: Mt. Tenno, Japan",16514263,3806961,23.05,0.070596,17260356,16240456,94.09,0.017229,https://www.pteridoportal.org/portal/collections/individual/index.php?occid=1513138&clid=0
SRR29127752,VDB,Carr 28189,Texas,30.40025,-95.086778,Y,2009,,15925967,3411020,21.42,0.104119,17277050,16210590,93.83,0.033184,https://www.pteridoportal.org/portal/collections/individual/index.php?occid=2933047&clid=0
SRR29127740,NLU,Smith 1340,Florida,30.618697,-86.117575,Y,1967,"Coords are approximate, based on locality description: 3.5 mi south of De Funiak Springs, FL",15853812,3291910,20.76,0.094314,16628745,15719306,94.53,0.040744,https://www.pteridoportal.org/portal/collections/individual/index.php?occid=3710890&clid=0
SRR29127774,UC,Setchell s.n.,Indonesia,-8.354801,115.185493,N,1929,Coords are center of Bali,15525914,3437487,22.14,0.064074,16334674,13958743,85.45,0.01567,https://www.pteridoportal.org/portal/collections/individual/index.php?occid=1513202&clid=0
SRR29127779,BRIT,Ajilvsgi 4739,Louisiana,32.202609,-93.228273,Y,1977,"Coords are approximate, based on locality description: 1mi northeast of Womack, LA",14967308,3092717,20.66,0.130913,16097912,15063909,93.58,0.067329,https://www.pteridoportal.org/portal/collections/individual/index.php?occid=2840100&clid=0
SRR29127777,UC,Rinehart 26237,Palau,7.33182,134.450435,N,1996,"Coords are approximate, based on locality description: Malakai Is, Palau",14891875,3444800,23.13,0.066983,15767313,14979740,95.01,0.018873,https://www.pteridoportal.org/portal/collections/individual/index.php?occid=1513217&clid=0
SRR29127780,UC,Edano17324,Philippines,18.454635,121.029777,N,1953,"Coords are apprximate, based on locality description: Mt. Duraragan",14687826,3226259,21.97,0.078114,15319022,13598098,88.77,0.028262,https://www.pteridoportal.org/portal/collections/individual/index.php?occid=1513219&clid=0
SRR29127745,NLU,Thomas 161652,Louisiana,31.691947,-92.594002,Y,1999,"Coords are approximate, based on locality description: NW of Williana, west of 167",14065563,2673833,19.01,0.185999,14669171,13153559,89.67,0.130238,https://www.pteridoportal.org/portal/collections/individual/index.php?occid=3710893&clid=0
SRR29127782,UC,Fosberg 35022,Philippines,14.16985,121.237049,N,1953,,13958152,2946402,21.11,0.093373,14374145,12617234,87.78,0.040043,https://www.pteridoportal.org/portal/collections/individual/index.php?occid=1513262&clid=0
SRR29127730,FLAS,Hubbard 461,Florida,29.1853333,-82,Y,2006,,13772342,3394762,24.65,0.143749,15098640,14459752,95.77,0.083821,https://www.pteridoportal.org/portal/collections/individual/index.php?occid=1372274&clid=0
SRR29127794,FLAS,Burkhalter 5663,Florida,30.636586,-87.275449,Y,1977,"Coords are approximate, based on locality description: 0.2 mi east of Parker Rd, Cottage Hill, Escambia County ",13283141,2835995,21.35,0.077772,13770787,12963241,94.14,0.018393,https://www.pteridoportal.org/portal/collections/individual/index.php?occid=1373261&clid=0
SRR29127750,NLU,Damuth 1,Texas,30.557634,-94.179513,Y,1987,"Coords are approximate, based on locality description: 1.6 mi south of Fred, TX on hwy 92",13049199,2935876,22.5,0.142614,13975824,13249134,94.8,0.09144,https://www.pteridoportal.org/portal/collections/individual/index.php?occid=2854350&clid=0
SRR29127798,BRIT,Peck 03133,Arkansas,33.881844,-92.303347,Y,2003,"Coords are approximate, based on locality description: Crossroads Rd in Cleveland County, AR",12898583,2601803,20.17,0.091402,13568405,12466524,91.88,0.049279,https://www.pteridoportal.org/portal/collections/individual/index.php?occid=2838771&clid=0
SRR29127751,NLU,Thomas 118150,Mississippi,31.234854,-91.334751,Y,1990,"Coords are approximate, based on locality description: 2.6 mi south of Dolosoro, MS",12487650,2493545,19.97,0.101206,13134163,12277727,93.48,0.048854,https://www.pteridoportal.org/portal/collections/individual/index.php?occid=2854366&clid=0
SRR29127788,UC,Suzuki 452003,Japan,35.688382,139.539503,N,1951,"Coords are center of Jindi, Japan",12239910,2234326,18.25,0.088188,12479405,9926400,79.54,0.024794,https://www.pteridoportal.org/portal/collections/individual/index.php?occid=1513148&clid=0
SRR29127753,BRIT,Blacklock 258,Arkansas,33.73,-94.27,Y,2003,"Coords are approximate, based on locality description: Winthrop, AR",12214041,2490238,20.39,0.094472,12870606,11887928,92.36,0.050911,https://www.pteridoportal.org/portal/collections/individual/index.php?occid=2840466&clid=0
SRR29127749,NLU,Bruce 49,Arkansas,30.499856,-93.311978,Y,1985,"Coords are approximate, based on locality description: 0.25 mi north of dead end of Guillott Road, north of LA12, Beauregard",12158756,2552798,21,0.075725,12889107,12132469,94.13,0.023032,https://www.pteridoportal.org/portal/collections/individual/index.php?occid=2854217&clid=0
SRR29127746,NLU,Thomas 152283,Louisiana,30.792376,-89.821913,Y,1996,"Coords are approximate, based on locality description: Bogalusa, LA, near I10 bridge",11972893,2210502,18.46,0.462028,12574382,10358616,82.38,0.367856,https://www.pteridoportal.org/portal/collections/individual/index.php?occid=2854235&clid=0
SRR29127783,UC,PhilNatHerb 1707,Philippines,17.568406,120.809942,N,1946,Coords are center of Abra Province,11801664,2624847,22.24,0.080696,12058646,11207740,92.94,0.017802,https://www.pteridoportal.org/portal/collections/individual/index.php?occid=2820102&clid=0
SRR29127731,VDB,Bryson 25438,Alabama,30.892145,-87.792427,Y,2017,,11713089,2142140,18.29,0.359506,12741541,11270421,88.45,0.248806,https://www.pteridoportal.org/portal/collections/individual/index.php?occid=3710033&clid=0
SRR29127776,UC,Zogg 6029,Taiwan,25.086706,121.617331,N,1982,Coords are for Shi-Tsu,11178015,2687973,24.05,0.066055,11893000,10810282,90.9,0.022202,https://www.pteridoportal.org/portal/collections/individual/index.php?occid=1513135&clid=0
SRR29127775,UC,Huang 6916,Taiwan,22.6743,121.498204,N,1973,"Coords are approximate, based on locality description: Green Island, Taiwan",11157496,2831203,25.37,0.081316,11540509,10807638,93.65,0.019136,https://www.pteridoportal.org/portal/collections/individual/index.php?occid=1513111&clid=0
SRR29127793,FLAS,Diddell 309,Florida,N/A,N/A,Y,1940,"This plant was cultviated, exclude from GEA",10593820,2527295,23.86,0.158437,10699192,9216268,86.14,0.028739,https://www.pteridoportal.org/portal/collections/individual/index.php?occid=1373776&clid=0
SRR29127772,UC,Mousset s.n.,Indonesia,,,N,1909,I think this is the right specimen ,9576995,1943473,20.29,0.057015,9824182,8520799,86.73,0.019262,https://www.pteridoportal.org/portal/collections/individual/index.php?occid=2818069&clid=0
SRR29127771,UC,van der Warff 171331,Vietnam,21.37472,106.37611,N,2002,,8655597,1756670,20.3,0.058135,8888973,7600062,85.5,0.022463,https://www.pteridoportal.org/portal/collections/individual/index.php?occid=1513212&clid=0
SRR29127754,VDB,Ray 8386,Mississippi,31.583192,-89.873614,Y,1957,"Coords are approximate, based on locality description: just south of Prentiss, MS",8630782,1593325,18.46,0.331603,8977657,8019776,89.33,0.273415,https://www.pteridoportal.org/portal/collections/individual/index.php?occid=889563&clid=0
SRR29127764,UC,Hiroe 12148,Japan,35.026972,135.787253,N,1956,"Coords are approximate, based on locality description: Mt. Yoshida in Kyoto City",8400561,1755450,20.9,0.117336,8562140,7533769,87.99,0.047596,https://www.pteridoportal.org/portal/collections/individual/index.php?occid=1513129&clid=0
SRR29127766,UC,Tsang 28023,China,,,N,1966,,8375449,1587667,18.96,0.087154,8469175,6505518,76.81,0.029925,https://www.pteridoportal.org/portal/collections/individual/index.php?occid=1712886&clid=0
SRR29127773,UC,Moupet s.n.,Indonesia,,,N,1905,I can't find this specimen,8365260,1848993,22.1,0.064185,8632767,7757227,89.86,0.020767,
SRR29127742,BRIT,Hill 30003,Louisiana,30.88,-91.35,Y,1998,"Coords are approximate, based on locality description: South of Wakefield near firetower and adjacent to church ",8250552,1418652,17.19,0.335816,8674061,7018855,80.92,0.269266,https://www.pteridoportal.org/portal/collections/individual/index.php?occid=2840093&clid=0
SRR29127747,NLU,Thomas 40364,Louisiana,30.815682,-90.429222,Y,1974,"Coords are approximate, based on locality description: NW of LA 1054 on sandbar",7187496,1496111,20.82,0.091205,7488557,7026192,93.83,0.044964,https://www.pteridoportal.org/portal/collections/individual/index.php?occid=2854247&clid=0
SRR29127799,BRIT,Correll 13330,Texas,30.095444,-93.834431,Y,1946,"Coords are approximate, based on locality description: 1 mi west of Orange, TX ",6566995,982095,14.96,0.073607,6640631,5204909,78.38,0.032294,https://www.pteridoportal.org/portal/collections/individual/index.php?occid=290748&clid=0
SRR29127781,UC,Santos 5181,Philippines,13.503771,120.951624,N,1952,,5802886,1022642,17.62,0.351953,5979248,4267869,71.38,0.299331,https://www.pteridoportal.org/portal/collections/individual/index.php?occid=1513240&clid=0
SRR29127768,BRIT,Deramus 487,Mississippi,30.525499,-88.679634,Y,1965,"Coords are approximate, based on locality description: near Bluff Creek, Vancleave, Miss",5669301,991466,17.49,0.241018,5858037,5050797,86.22,0.184277,https://www.pteridoportal.org/portal/collections/individual/index.php?occid=2160880&clid=0
SRR29127778,UC,Wagner Jr 3589,Philippines,,,N,1945,,5375540,1142749,21.26,0.479244,5696627,5415807,95.07,0.361079,https://www.pteridoportal.org/portal/collections/individual/index.php?occid=1513244&clid=0
SRR29127765,UC,Cavalerie 71,China,N/A,N/A,N,1909,Can't determine location,4889455,800084,16.36,0.21517,5000423,3411220,68.22,0.092441,https://www.pteridoportal.org/portal/collections/individual/index.php?occid=1513154&clid=0