Ind,Herbarium,Voucher Identifier,Location,Approx. Latitude,Approx. Longitude,Invaded,Collection Year,Temporal_Group,Specimen Comments,total # bases ,Specimen Link
SRR29127728,FLAS,Abbott 13857,Florida,30.2456667,-85.0048167,Y,2000,late invasion,,3381444774,https://www.pteridoportal.org/portal/collections/individual/index.php?occid=1373298&clid=0
SRR29127732,FLAS,Abbott 1653,Florida,27.902774,-82.777936,Y,1992,mid invasion,"Coords are approximate, based on locality description: near and along railroad along Donegan Rd ",3680346556,https://www.pteridoportal.org/portal/collections/individual/index.php?occid=1372948&clid=0
SRR29127779,BRIT,Ajilvsgi 4739,Louisiana,32.202609,-93.228273,Y,1977,mid invasion,"Coords are approximate, based on locality description: 1mi northeast of Womack, LA",2265328274,https://www.pteridoportal.org/portal/collections/individual/index.php?occid=2840100&clid=0
SRR29127748,NLU,Arnett 425,Louisiana,31.130923,-92.541991,Y,2002,late invasion,"Coords are approximate, based on locality description: 0.2 km W of Flagon Bayou",3075570114,https://www.pteridoportal.org/portal/collections/individual/index.php?occid=2172435&clid=0
SRR29127760,VDB,Athey s.n.,Florida,30.173586,-85.186772,Y,1976,mid invasion,"Coords are approximate, based on locality description: At Fish Camp on Charlies Dead Lakes.",7259244064,https://www.pteridoportal.org/portal/collections/individual/index.php?occid=889317&clid=0
SRR29127753,BRIT,Blacklock 258,Arkansas,33.831741,-94.354619,Y,2003,late invasion,"Coords are approximate, based on locality description: Winthrop, AR",1920250692,https://www.pteridoportal.org/portal/collections/individual/index.php?occid=2840466&clid=0
SRR29127749,NLU,Bruce 49,Arkansas,30.499856,-93.311978,Y,1985,mid invasion,"Coords are approximate, based on locality description: 0.25 mi north of dead end of Guillott Road, north of LA12, Beauregard",1833072956,https://www.pteridoportal.org/portal/collections/individual/index.php?occid=2854217&clid=0
SRR29127731,VDB,Bryson 25438,Alabama,30.892145,-87.792427,Y,2017,late invasion,,1865401754,https://www.pteridoportal.org/portal/collections/individual/index.php?occid=3710033&clid=0
SRR29127794,FLAS,Burkhalter 5663,Florida,30.636586,-87.275449,Y,1977,mid invasion,"Coords are approximate, based on locality description: 0.2 mi east of Parker Rd, Cottage Hill, Escambia County ",2006928920,https://www.pteridoportal.org/portal/collections/individual/index.php?occid=1373261&clid=0
SRR29127752,VDB,Carr 28189,Texas,30.40025,-95.086778,Y,2009,late invasion,,2395968944,https://www.pteridoportal.org/portal/collections/individual/index.php?occid=2933047&clid=0
SRR29127757,VDB,Carter 16845,Georgia,31.51865,-82.6263,Y,2006,late invasion,,9713267978,https://www.pteridoportal.org/portal/collections/individual/index.php?occid=890513&clid=0
SRR29127756,VDB,Carter 16972,Georgia,31.86043,-81.43398,Y,2006,late invasion,,7501647384,https://www.pteridoportal.org/portal/collections/individual/index.php?occid=890515&clid=0
SRR29127758,VDB,Carter 17651,Georgia,31.03283,-82.76145,Y,2007,late invasion,,9373564486,https://www.pteridoportal.org/portal/collections/individual/index.php?occid=890512&clid=0
SRR29127765,UC,Cavalerie 71,China,26.842964,107.290284,N,1909,native,Can't determine location,890208118,https://www.pteridoportal.org/portal/collections/individual/index.php?occid=1513154&clid=0
SRR29127784,UC,Charette 1523,Japan,34.166667,132.166667,N,1953,native,,4412739440,https://www.pteridoportal.org/portal/collections/individual/index.php?occid=319842&clid=0
SRR29127770,UC,Cheng 998,China,30.728048,116.512544,N,1948,native,Can't determine location,2861388694,https://www.pteridoportal.org/portal/collections/individual/index.php?occid=1513114&clid=0
SRR29127737,KANU,Coile 2209,Georgia,32.84,-83.63,Y,1980,mid invasion,"Coords are approximatel, based on locality description: Burns Brick Company S of Macon, GA",3191046760,https://www.pteridoportal.org/portal/collections/individual/index.php?occid=4602953&clid=0
SRR29127799,BRIT,Correll 13330,Texas,30.099236,-93.755114,Y,1946,early invasion,"Coords are approximate, based on locality description: 1 mi west of Orange, TX ",1041556928,https://www.pteridoportal.org/portal/collections/individual/index.php?occid=290748&clid=0
SRR29127750,NLU,Damuth 1,Texas,30.557634,-94.179513,Y,1987,mid invasion,"Coords are approximate, based on locality description: 1.6 mi south of Fred, TX on hwy 92",1967764050,https://www.pteridoportal.org/portal/collections/individual/index.php?occid=2854350&clid=0
SRR29127768,BRIT,Deramus 487,Mississippi,30.525499,-88.679634,Y,1965,early invasion,"Coords are approximate, based on locality description: near Bluff Creek, Vancleave, Miss",859334960,https://www.pteridoportal.org/portal/collections/individual/index.php?occid=2160880&clid=0
SRR29127761,VDB,Diamond 12571,Alabama,31.673035,-86.661037,Y,2001,late invasion,"Coords are approximate, based on locality description: Section 7, Township 9 North, Range 16 East in Butler County, Alabama",3016210806,https://www.pteridoportal.org/portal/collections/individual/index.php?occid=886276&clid=0
SRR29127763,VDB,Diamond 14037,Alabama,33.507442,-85.783342,Y,2003,late invasion,,2835574036,https://www.pteridoportal.org/portal/collections/individual/index.php?occid=887237&clid=0
SRR29127793,FLAS,Diddell 309,Florida,30.331677,-81.655529,Y,1940,early invasion,"This plant was cultviated, exclude from GEA",1641686496,https://www.pteridoportal.org/portal/collections/individual/index.php?occid=1373776&clid=0
SRR29127780,UC,Edano17324,Philippines,18.454635,121.029777,N,1953,native,"Coords are apprximate, based on locality description: Mt. Duraragan",2216988040,https://www.pteridoportal.org/portal/collections/individual/index.php?occid=1513219&clid=0
SRR29127782,UC,Fosberg 35022,Philippines,14.16985,121.237049,N,1953,native,,2118557784,https://www.pteridoportal.org/portal/collections/individual/index.php?occid=1513262&clid=0
SRR29127767,UC,Gaoligon Shand Biodiversity Survey 17184,China,24.888056,98.69,N,2003,native,,3198854064,https://www.pteridoportal.org/portal/collections/individual/index.php?occid=1513109&clid=0
SRR29127726,FLAS,Gholson Jr 3090,Florida,30.733813,-84.933474,Y,1973,early invasion,"Coords are approximate, based on locality description: Sneads Landing, Lake Seminole, FL",2541692098,https://www.pteridoportal.org/portal/collections/individual/index.php?occid=1368009&clid=0
SRR29127744,NLU,Hansen 2001-51,Alabama,32.594583,-85.488194,Y,2001,late invasion,,2640228658,https://www.pteridoportal.org/portal/collections/individual/index.php?occid=2854395&clid=0
SRR29127729,FLAS,Hassell B2014-310,Florida,30.64742,-81.903908,Y,2014,late invasion,,4100260946,https://www.pteridoportal.org/portal/collections/individual/index.php?occid=1373686&clid=0
SRR29127742,BRIT,Hill 30003,Louisiana,30.88,-91.35,Y,1998,mid invasion,"Coords are approximate, based on locality description: South of Wakefield near firetower and adjacent to church ",1369492990,https://www.pteridoportal.org/portal/collections/individual/index.php?occid=2840093&clid=0
SRR29127764,UC,Hiroe 12148,Japan,35.065466,135.831003,N,1956,native,"Coords are approximate, based on locality description: Mt. Yoshida in Kyoto City",1323837234,https://www.pteridoportal.org/portal/collections/individual/index.php?occid=1513129&clid=0
SRR29127786,UC,Hireo 16338,Japan,34.901932,135.676223,N,1963,native,"Coords are approximate, based on locality description: Mt. Tenno, Japan",2489429186,https://www.pteridoportal.org/portal/collections/individual/index.php?occid=1513138&clid=0
SRR29127775,UC,Huang 6916,Taiwan,22.6743,121.498204,N,1973,native,"Coords are approximate, based on locality description: Green Island, Taiwan",1683513798,https://www.pteridoportal.org/portal/collections/individual/index.php?occid=1513111&clid=0
SRR29127730,FLAS,Hubbard 461,Florida,29.216667,-82.056034,Y,2006,late invasion,,2070987046,https://www.pteridoportal.org/portal/collections/individual/index.php?occid=1372274&clid=0
SRR29127739,NLU,Joye 386,Georgia,31.21652,-83.274219,Y,1981,mid invasion,"Coords are approximate, based on locality description: W of Nashville along Withlacoochee River on Ga. 125",2586128982,https://www.pteridoportal.org/portal/collections/individual/index.php?occid=2854372&clid=0
SRR29127736,FLAS,Judd 8010,Florida,29.632251,-82.369117,Y,2001,late invasion,"Coords are approximate, based on locality description: NATL on UF campus",3014916736,https://www.pteridoportal.org/portal/collections/individual/index.php?occid=1373593&clid=0
SRR29127791,FLAS,Judd 8010,Florida,29.632251,-82.369117,Y,2001,late invasion,"Coords are approximate, based on locality description: NATL on UF campus",3774678068,
SRR29127762,VDB,Keener 3265,Alabama,33.119545,-87.664796,Y,2006,late invasion,,8822780208,https://www.pteridoportal.org/portal/collections/individual/index.php?occid=2933052&clid=0
SRR29127727,FLAS,Koch 91,Florida,29.959467,-82.953583,Y,2007,late invasion,,3425364332,https://www.pteridoportal.org/portal/collections/individual/index.php?occid=1372882&clid=0
SRR29127759,VDB,Leonard 7937,Florida,29.004619,-82.613812,Y,1982,mid invasion,"Coords are approximate, based on locality description: N of Rt. 476 and opposite quarry entrance that is 0.7 mi. E on Rt. 476 from Rt. 491",5665426984,https://www.pteridoportal.org/portal/collections/individual/index.php?occid=887477&clid=0
SRR29127755,VDB,MacDonald 10945,Mississippi,33.264338,-89.150031,Y,1997,mid invasion,"Coords are approximate, based on locality description: 0.7 miles SW of Choctaw Lake, Tombigbee National Forest",7579480032,https://www.pteridoportal.org/portal/collections/individual/index.php?occid=889141&clid=0
SRR29127789,UC,Miyoshi s.n.,China,35.607404,140.106536,N,1956,native,Can't determine location,2718143148,https://www.pteridoportal.org/portal/collections/individual/index.php?occid=1513167&clid=0
SRR29127773,UC,Moupet s.n.,Indonesia,-8.045151,112.915299,N,1905,native,I can't find this specimen,1269633066,
SRR29127772,UC,Mousset s.n.,Indonesia,,,N,1909,native,I think this is the right specimen ,1449651038,https://www.pteridoportal.org/portal/collections/individual/index.php?occid=2818069&clid=0
SRR29127734,USCH,Nelson 30222,South Carolina,33.0618,-81.5672,Y,2012,late invasion,,4787432048,https://www.pteridoportal.org/portal/collections/individual/index.php?occid=4309129&clid=0
SRR29127735,USCH,Nelson 31410,South Carolina,33.1972,-79.5106,Y,2012,late invasion,,4354343512,https://www.pteridoportal.org/portal/collections/individual/index.php?occid=4309142&clid=0
SRR29127785,UC,Nishida 27,Japan,35.14391,139.15454,N,1952,native,"Coords are approximate, based on locality description: Manazuru point, Kanagawa",3047873996,https://www.pteridoportal.org/portal/collections/individual/index.php?occid=1513175&clid=0
SRR29127798,BRIT,Peck 03133,Arkansas,36.472746,-93.510104,Y,2003,late invasion,"Coords are approximate, based on locality description: Crossroads Rd in Cleveland County, AR",2004920620,https://www.pteridoportal.org/portal/collections/individual/index.php?occid=2838771&clid=0
SRR29127797,BRIT,Peck 2338,Arkansas,34.09113,-92.547037,Y,2002,late invasion,"Coords are approximate, based on locality description: 3 mi south of Ivy, AR in Dallas County on AR-229",3080446810,https://www.pteridoportal.org/portal/collections/individual/index.php?occid=2838774&clid=0
SRR29127795,FLAS,Perkins 303,Florida,29.94305,-85.163363,Y,1977,mid invasion,"Coords are approximate, based on locality description: 12 mi NE of Port St. Joe, E of 71, near Cypress Creek",3010869332,https://www.pteridoportal.org/portal/collections/individual/index.php?occid=1374691&clid=0
SRR29127783,UC,PhilNatHerb 1707,Philippines,13.770457,121.068196,N,1946,native,Coords are center of Abra Province,1788236828,https://www.pteridoportal.org/portal/collections/individual/index.php?occid=2820102&clid=0
SRR29127754,VDB,Ray 8386,Mississippi,31.583192,-89.873614,Y,1957,early invasion,"Coords are approximate, based on locality description: just south of Prentiss, MS",1309516696,https://www.pteridoportal.org/portal/collections/individual/index.php?occid=889563&clid=0
SRR29127741,NLU,Resico s.n.,Florida,27.9,-82.16,Y,1974,early invasion,"Coords are approximate, based on locality description: between Alderman Ford and Alafia bridge",2679714554,https://www.pteridoportal.org/portal/collections/individual/index.php?occid=2854375&clid=0
SRR29127777,UC,Rinehart 26237,Palau,7.33182,134.450435,N,1996,native,"Coords are approximate, based on locality description: Malakai Is, Palau",2239789342,https://www.pteridoportal.org/portal/collections/individual/index.php?occid=1513217&clid=0
SRR29127781,UC,Santos 5181,Philippines,13.503771,120.951624,N,1952,native,,970775678,https://www.pteridoportal.org/portal/collections/individual/index.php?occid=1513240&clid=0
SRR29127774,UC,Setchell s.n.,Indonesia,-8.42553,115.122806,N,1929,native,Coords are center of Bali,2333476084,https://www.pteridoportal.org/portal/collections/individual/index.php?occid=1513202&clid=0
SRR29127790,VDB,Short 847,Alabama,31.883833,-85.133355,Y,1976,mid invasion,"Coords are approximate, based on locality description: Old River bridge route, Eufaula city limits",4626702212,https://www.pteridoportal.org/portal/collections/individual/index.php?occid=2850120&clid=0
SRR29127740,NLU,Smith 1340,Florida,30.618697,-86.117575,Y,1967,early invasion,"Coords are approximate, based on locality description: 3.5 mi south of De Funiak Springs, FL",2392900322,https://www.pteridoportal.org/portal/collections/individual/index.php?occid=3710890&clid=0
SRR29127792,FLAS,Smith B2014-909,Florida,30.222157,-85.592924,Y,2014,late invasion,"Coords are approximate, based on locality description: GAC contractors at intersection of US 231 and Mill Bayou",4241392190,https://www.pteridoportal.org/portal/collections/individual/index.php?occid=1372463&clid=0
SRR29127738,KANU,Snyder 1247,Georgia,32.184965,-83.914607,Y,1985,mid invasion,,2698716696,https://www.pteridoportal.org/portal/collections/individual/index.php?occid=4275620&clid=0
SRR29127796,VDB,Spaulding 12162,Alabama,32.43389,-84.99306,Y,2001,late invasion,,7531699404,https://www.pteridoportal.org/portal/collections/individual/index.php?occid=2933053&clid=0
SRR29127788,UC,Suzuki 452003,Japan,35.688382,139.539503,N,1951,native,"Coords are center of Jindi, Japan",1867166642,https://www.pteridoportal.org/portal/collections/individual/index.php?occid=1513148&clid=0
SRR29127743,NLU,Tan 32,Florida,29.662708,-82.322594,Y,1989,mid invasion,"Coords are approximate, based on locality description: Pareners Branch Loop, O'Leno State Park",3167682228,https://www.pteridoportal.org/portal/collections/individual/index.php?occid=2854376&clid=0
SRR29127751,NLU,Thomas 118150,Mississippi,31.234854,-91.334751,Y,1990,mid invasion,"Coords are approximate, based on locality description: 2.6 mi south of Dolosoro, MS",1906494894,https://www.pteridoportal.org/portal/collections/individual/index.php?occid=2854366&clid=0
SRR29127746,NLU,Thomas 152283,Louisiana,30.792376,-89.821913,Y,1996,mid invasion,"Coords are approximate, based on locality description: Bogalusa, LA, near I10 bridge",1892219052,https://www.pteridoportal.org/portal/collections/individual/index.php?occid=2854235&clid=0
SRR29127745,NLU,Thomas 161652,Louisiana,31.691947,-92.594002,Y,1999,mid invasion,"Coords are approximate, based on locality description: NW of Williana, west of 167",2153022024,https://www.pteridoportal.org/portal/collections/individual/index.php?occid=3710893&clid=0
SRR29127747,NLU,Thomas 40364,Louisiana,30.752692,-90.483721,Y,1974,early invasion,"Coords are approximate, based on locality description: NW of LA 1054 on sandbar",1199525880,https://www.pteridoportal.org/portal/collections/individual/index.php?occid=2854247&clid=0
SRR29127787,UC,Togasi 1181,Japan,34.696858,135.485825,N,1955,native,Coords are for Yamamoto Station,4804003392,https://www.pteridoportal.org/portal/collections/individual/index.php?occid=1513124&clid=0
SRR29127769,UC,Tsang 21058,China,22.408846,114.13795,N,1932,native,,2618525730,https://www.pteridoportal.org/portal/collections/individual/index.php?occid=917225&clid=0
SRR29127766,UC,Tsang 28023,China,23.709704,108.814961,N,1966,native,,1288770202,https://www.pteridoportal.org/portal/collections/individual/index.php?occid=1712886&clid=0
SRR29127771,UC,van der Warff 171331,Vietnam,21.37472,106.37611,N,2002,native,,1311664822,https://www.pteridoportal.org/portal/collections/individual/index.php?occid=1513212&clid=0
SRR29127778,UC,Wagner Jr 3589,Philippines,11.031925,125.726135,N,1945,native,,893714338,https://www.pteridoportal.org/portal/collections/individual/index.php?occid=1513244&clid=0
SRR29127733,FLAS,Ward 8481,Florida,30.669293,-85.517285,Y,1972,early invasion,"Coords are approximate, based on locality description: Orange Hill, SE of Chipley, FL",4250997602,https://www.pteridoportal.org/portal/collections/individual/index.php?occid=1374384&clid=0
SRR29127776,UC,Zogg 6029,Taiwan,25.025663,121.663994,N,1982,native,Coords are for Shi-Tsu,1681944304,https://www.pteridoportal.org/portal/collections/individual/index.php?occid=1513135&clid=0
