Ind,Collection.Year,BIO1,BIO2,BIO3,BIO4,BIO5,BIO6,BIO7,BIO8,BIO9,BIO10,BIO11,BIO12,BIO13,BIO14,BIO15,BIO16,BIO17,BIO18,BIO19
SRR29127728,2000,19.7583335439364,11.7833334207535,38.1337661749457,678.410024110936,33.7999992370605,2.90000009536743,30.8999991416931,27.1333335240682,23.2333337465922,27.6166671117147,11.3000002702077,1206.40003299713,336.200012207031,8.10000038146973,84.3351425421855,600.000022888184,164.200002670288,362.200012207031,202.100006103516
SRR29127732,1992,22.3916669289271,9.68333331743876,41.2056753634328,459.682847362858,33.2999992370605,9.80000019073486,23.4999990463257,27.8166666030884,17.7333337465922,27.8333333333333,16.7000002861023,1197.60001564026,249.400009155273,21.8000011444092,68.2560526699295,560.100006103516,132.500001907349,522.900009155273,141.900003433228
SRR29127779,1977,18.4791672329108,12.5750005841255,33.179419730469,864.700351573358,34.4000015258789,-3.5,37.9000015258789,14.9833335081736,24.1000008583069,27.8666677474976,7.00000003973643,1039.30001449585,140.900009155273,46.6000022888184,34.9929111234217,315.700008392334,203.800003051758,260.100002288818,243.499996185303
SRR29127748,2002,19.2333337366581,11.333333671093,37.1584684385533,736.136528600089,33.6000022888184,3.10000014305115,30.5000021457672,20.0333336989085,23.5166668891907,27.4833339055379,9.91666702429453,1597.30003356934,261.300018310547,79.3000030517578,40.4984798395797,597.800018310547,268.600006103516,354.100006103516,350.099998474121
SRR29127760,1976,18.945833692948,11.1250002980232,37.332212838105,643.617132957615,32.6000022888184,2.79999995231628,29.8000023365021,23.0500003496806,17.2166670163472,26.5000006357829,10.5666669607162,1605.6000213623,239.5,25.7000007629395,50.0288089525573,564.800018310547,172.100006103516,439.200004577637,369.099998474121
SRR29127753,2003,17.0000002955397,12.4000002990166,34.2541421712724,820.828327683733,34.1000022888184,-2.10000014305115,36.2000024318695,21.4166669845581,5.93333330750465,26.5000009536743,5.93333330750465,864.500005245209,150,7.59999990463257,54.0715040789826,305.200000762939,157.200002193451,279.000003814697,157.200002193451
SRR29127749,1985,19.9583336959283,10.5833332439264,33.3859101154589,731.644589814479,33.2999992370605,1.60000002384186,31.6999992132187,25.1500002543132,21.0500000317891,27.5833339691162,9.01666690905889,1624.80004501343,386.800018310547,40.7999992370605,65.1435256472415,737.70002746582,235.100002288818,397.500015258789,364.000007629395
SRR29127731,2017,20.7625001470248,10.3916663726171,40.1222638392028,537.773716160721,32.5,6.59999990463257,25.9000000953674,27.1333335240682,21.100000222524,27.1333335240682,14.283333381017,2074.20003700256,440.600006103516,14.1000003814697,71.0400929850734,954.100021362305,261.800004959106,954.100021362305,355.500001907349
SRR29127794,1977,18.9583337207635,12.0500005284945,34.8265888190091,743.712557553481,33.6000022888184,-1,34.6000022888184,26.716667175293,23.2333339055379,27.1666673024495,9.00000011920929,1392.00002288818,189.400009155273,52.5,42.2786518575811,518.600006103516,187,389.899997711182,296.700004577637
SRR29127752,2009,20.6333335638046,12.3166670004527,39.3503729640914,682.939283451831,35.7000007629395,4.40000009536743,31.300000667572,20.600000222524,14.7500000794729,29.1500002543132,12.2333334287008,1275.80001449585,279.399993896484,17.8999996185303,78.32281352064,528.400001525879,158.200006484985,172.200002670288,180.60000038147
SRR29127757,2006,19.0625004967054,14.8583335479101,46.0010317053252,657.685800856283,34.7000007629395,2.40000009536743,32.300000667572,27.2500009536743,19.0500005880992,27.2500009536743,11.3666667143504,849.700018882751,116.400001525879,15.6999998092651,40.3498418414743,280.300006866455,121.100001335144,280.300006866455,270.500007629395
SRR29127756,2006,19.8458335796992,11.2250001430511,39.6643125288545,617.835147991764,33.2999992370605,5,28.2999992370605,27.5666669209798,19.7166670163472,27.5666669209798,12.6833335558573,944.300024986267,148.900009155273,12.4000005722046,50.6285782206766,343.10001373291,125.000002861023,343.10001373291,224.700004577637
SRR29127758,2007,19.4875005036592,15.0916668673356,45.0497497587771,653.212793850859,35.4000015258789,1.89999997615814,33.5000015497208,27.3166672388713,18.7833338578542,27.3166672388713,11.6000003616015,944.2000207901,145.699996948242,13.1000003814697,56.1831836147728,401.600006103516,94.9000043869019,401.600006103516,249.500003814697
SRR29127765,1909,14.4375002458692,7.49166669944922,28.1641592999194,703.120084122611,27.3000011444092,0.699999988079071,26.6000011563301,20.766666730245,5.13333355387052,22.3166672388713,5.13333355387052,1307.60002326965,293.300018310547,18.2000007629395,76.4677618840095,655.200012207031,61.3000011444092,449.699996948242,61.3000011444092
SRR29127784,1953,13.8666669561838,7.83333340597649,25.7675437651624,811.733109247711,29.6000003814697,-0.800000011920929,30.4000003933907,20.2166670163472,6.63333347439766,24.1833340326945,4.45000006134311,1865.80002593994,376.100006103516,49.4000015258789,71.206521487447,916.800018310547,177.000007629395,686.700012207031,264.800003051758
SRR29127770,1948,16.8916668792566,8.43333325783412,24.3035540237616,896.421779373107,33.5,-1.20000004768372,34.7000000476837,25.1000003814697,17.5166668891907,27.8166672388713,6.01666669050852,1548.00000572205,290,23.3000011444092,66.7145282957676,763.399993896484,137.500001907349,572.899993896484,268.600002288818
SRR29127737,1980,17.5958336293697,13.3750002980232,37.2562674602277,827.423335608653,35.2000007629395,-0.699999988079071,35.9000007510185,17.0000003178914,12.216666807731,27.5500001907349,7.66666678587596,1049.00002288818,304,33.2999992370605,82.9621537480452,473.500007629395,142.200004577637,231.700004577637,191.700004577637
SRR29127799,1946,20.4375004569689,10.6583331823349,38.6171506791483,601.740389743428,33.2999992370605,5.7000002861023,27.5999989509583,26.0166673660278,24.8166670799255,27.3333339691162,12.5833335717519,1670.30004119873,315.600006103516,56.2000007629395,58.0903374495918,688.500015258789,238.000003814697,429.100009918213,358.100006103516
SRR29127750,1987,19.5125004053116,12.691666841507,39.5379001138824,694.972643122024,35.1000022888184,3,32.1000022888184,26.4166673024495,24.1833338737488,27.900000890096,11.2333335081736,1309.60001277924,237.600006103516,10.9000005722046,55.8555205991565,497.400009155273,202.099998474121,441.400009155273,409.5
SRR29127768,1965,19.5833336313566,11.3333336909612,41.2121225125862,648.6360854816,32.5,5,27.5,26.6333335240682,23.7833334604899,26.7166665395101,11.400000333786,1361.30000686646,203.699996948242,24.8999996185303,54.7098405716195,569.5,175.600004196167,480.700004577637,417.400001525879
SRR29127761,2001,18.2083334848285,13.0166667451461,41.0620402209498,650.499228946926,32,0.300000011920929,31.6999999880791,10.5166668593884,14.9000000953674,25.8833335240682,10.4500001768271,1478.50003814697,281.700012207031,75.5999984741211,44.7848042113094,514.10001373291,262.800003051758,380.200012207031,329.200004577637
SRR29127763,2003,15.7208335498969,11.7416669329007,34.5343145085316,790.472982671504,31,-3,34,22.9000000953674,17.0666667620341,24.7000001271566,4.75000011920929,1567.30002403259,230.900009155273,31.3000011444092,41.6200721822097,566.500015258789,254.999998092651,480.700012207031,361.800003051758
SRR29127793,1940,19.833333671093,11.7333335479101,37.367302476848,637.938220495794,32.4000015258789,1,31.4000015258789,27.2833340962728,21.1666669845581,27.2833340962728,11.816666841507,1178.10001993179,209.699996948242,4.7000002861023,70.5712130946141,579.400009155273,135.999998569489,579.400009155273,210.000003814697
SRR29127780,1953,25.5416669050852,8.21666669845581,61.7794435447082,147.183171979111,31.7000007629395,18.3999996185303,13.3000011444092,25.0833336512248,24.8333333333333,27.0333337783813,23.3999999364217,3207.60006713867,559.799987792969,37.4000015258789,67.4324645406334,1250.70001220703,297.700004577637,765.600021362305,811.39998626709
SRR29127782,1953,26.8333338101705,8.26666673024496,66.6666692303074,103.711429151777,33.2000007629395,20.8000011444092,12.3999996185303,26.4000005722046,25.9000005722046,28.0166673660278,25.3500006993612,2658.60001373291,382.100006103516,40.7999992370605,56.6318571721489,1083.10000610352,196.5,551.400001525879,535.300006866455
SRR29127767,2003,17.2291669944922,10.8916670282682,46.5455858754366,439.356239513292,26,2.60000014305115,23.3999998569489,20.7500006357829,12.0500001509984,21.7333335876465,11.2333336273829,1067.00002026558,217.199996948242,3.70000004768372,87.0152470327655,585.700012207031,57.4000027179718,485.099998474121,96.7000026702881
SRR29127726,1973,19.6125004192193,12.4250000516574,41.4166648639574,668.941270130199,33.4000015258789,3.40000009536743,30.0000014305115,15.2166669368744,21.6000003814697,27.1333341598511,10.4333333571752,1576.00002861023,213.100006103516,20.3999996185303,44.0177864618981,560.200012207031,162.499998092651,375.699996948242,409.900001525879
SRR29127744,2001,17.2416670074066,12.9000004629294,38.8554217696634,701.057111073462,31.8000011444092,-1.39999997615814,33.2000011205673,9.03333348035812,17.7833336194356,25.7333339055379,8.80000032981237,1341.80001831055,225.400009155273,70.5999984741211,36.0972972674186,448.500007629395,251.200004577637,354.700004577637,331.699996948242
SRR29127729,2014,20.1083336571852,11.8333335121473,38.0493019724041,668.267230481705,33.9000015258789,2.79999995231628,31.1000015735626,27.466667175293,12.3666668335597,27.7666673660278,12.3666668335597,1419.20001983643,209.600006103516,52.5,34.9624034780996,434.600006103516,277.400001525879,384.100006103516,277.400001525879
SRR29127742,1998,20.6958337624868,11.1583336194356,40.5757579125649,668.021027646032,34.2000007629395,6.7000002861023,27.5000004768372,13.1333336830139,24.1666673024495,28.416667620341,12.5833336512248,1506.60000133514,295.399993896484,11.6999998092651,61.3422797343092,588.099998474121,226.199995994568,303.400005340576,577.499992370605
SRR29127764,1956,12.4916668236256,7.81666670242945,24.9733762743733,888.665587890621,28.3999996185303,-2.90000009536743,31.2999997138977,22.9000002543132,8.71666679779688,23.3000001907349,1.400000055631,1843.50001907349,264.399993896484,40.7000007629395,39.2176623747231,625.799987792969,246.600009918213,557.399993896484,291.000003814697
SRR29127786,1963,14.5000001937151,8.73333335916201,25.8382644126706,898.050928214326,31,-2.79999995231628,33.7999999523163,22.5000001589457,3.5,25.2833334604899,3.35000004371007,1569.00004386902,301.300018310547,24.7000007629395,72.5453035811324,735.300033569336,81.1000003814697,645.300018310547,155.500001907349
SRR29127775,1973,22.3416669766108,7.88333328564962,45.0476163202404,331.620225143277,29.8000011444092,12.3000001907349,17.5000009536743,25.4333333969116,18.3000001907349,25.4333337148031,17.9833334287008,2646.80001831055,780.200012207031,30.2000007629395,106.99871987261,1509.80001831055,174.599998474121,1293.70001220703,212.700000762939
SRR29127730,2006,21.2333335677783,13.6999995311101,49.1039408038744,507.141425022227,34,6.09999990463257,27.9000000953674,27.25,15.4666669368744,27.25,15.316666841507,1044.10001087189,187.300003051758,8.69999980926514,65.7351810837464,483.400009155273,131.400000572205,483.400009155273,212.000003814697
SRR29127739,1981,18.5666669805845,15.6166668335597,41.4235203169024,752.191769153088,35.7999992370605,-1.89999997615814,37.6999992132187,27.6500005722046,19.0333336194356,27.6500005722046,8.91666658719381,1007.80001831055,156.5,35.7999992370605,50.5411505519534,352.500007629395,147.800003051758,352.500007629395,279.600002288818
SRR29127736,2001,20.4666670759519,12.4500003258387,43.6842094769512,513.894810323214,32.4000015258789,3.90000009536743,28.5000014305115,26.6000003814697,15.2333339850108,26.6000003814697,14.2833338578542,1271.30003356934,295,22.8000011444092,95.6627093935008,631.800018310547,86.5,631.800018310547,87.1000003814697
SRR29127791,2001,20.4666670759519,12.4500003258387,43.6842094769512,513.894810323214,32.4000015258789,3.90000009536743,28.5000014305115,26.6000003814697,15.2333339850108,26.6000003814697,14.2833338578542,1271.30003356934,295,22.8000011444092,95.6627093935008,631.800018310547,86.5,631.800018310547,87.1000003814697
SRR29127762,2006,17.8458336095015,13.1916667819023,40.715018115506,760.921881838554,34.1000022888184,1.70000004768372,32.4000022411346,8.85000026226044,25.1833335558573,27.5166673660278,8.85000026226044,1218.50002670288,189.600006103516,46.5,45.3776095275471,440.700012207031,175.299999237061,200.400005340576,440.700012207031
SRR29127727,2007,21.2916669249535,12.7666668494542,44.4831578326218,547.290172808965,34.4000015258789,5.7000002861023,28.7000012397766,27.5333337783813,20.5333334604899,27.6166671117147,14.6666669050852,1127.30002498627,199.600006103516,13.9000005722046,71.1734145288195,541.300018310547,87.9000024795532,526.900009155273,197.900005340576
SRR29127759,1982,21.4208335081736,12.0250000953674,44.3726903312072,479.414705610462,32.6000022888184,5.5,27.1000022888184,27.1666673024495,19.4499998092651,27.1666673024495,15.4333333969116,1799.30003547668,323.600006103516,29.3999996185303,60.2231390593941,753.500015258789,131.500001907349,753.500015258789,212.400005340576
SRR29127755,1997,16.3083337297042,11.5666664143403,36.3731622206313,744.90952305139,32.6000022888184,0.800000011920929,31.8000022768974,7.33333343267441,25.2333342234294,25.2333342234294,7.15000015497208,1501.50003051758,188.800003051758,68.9000015258789,31.9640808578228,502.300018310547,233.500007629395,287.000007629395,406.500015258789
SRR29127789,1956,14.3458334729075,8.15833375354608,27.6553678738024,787.381906517552,28.2000007629395,-1.30000007152557,29.500000834465,17.2000002066294,4.30000008145968,23.7166668574015,4.30000008145968,1525.30005073547,265.700012207031,13.6000003814697,56.3529237358659,533.200019836426,163.800004959106,347.200004577637,163.800004959106
SRR29127773,1905,24.9333338737488,12.0666669209798,79.3859626007434,84.7009011489148,32.4000015258789,17.2000007629395,15.2000007629395,25.2500003178914,24.6166674296061,25.9500007629395,23.8333339691162,2429.90003585815,431.899993896484,33.2000007629395,65.2579472878915,1050.69999694824,204.400001525879,563.400016784668,279.500011444092
SRR29127734,2012,19.1750005185604,13.9833338856697,42.6321124681997,657.448615494305,35.6000022888184,2.79999995231628,32.8000023365021,26.8833344777425,17.9666668574015,26.8833344777425,11.250000278155,981.200023651123,172.100006103516,32.1000022888184,48.1490551611512,385.60001373291,123.800003051758,385.60001373291,206.800006866455
SRR29127735,2012,19.3333337306976,11.616666952769,38.3388357929738,632.736964286182,34.2999992370605,4,30.2999992370605,26.7333339055379,11.7333336671193,26.7333339055379,11.6333336830139,1140.30002212524,239.100006103516,36.4000015258789,59.0561167064028,475.500007629395,179.000003814697,475.500007629395,189.300003051758
SRR29127785,1952,13.6250002806385,8.51666680475076,27.6515145724165,776.262919431084,29.3000011444092,-1.5,30.8000011444092,19.5833336512248,4.03333339095116,23.1333338419596,4.03333339095116,2041.90005111694,358.100006103516,35.7999992370605,51.4239096663479,803.300033569336,226.999996185303,675.200012207031,226.999996185303
SRR29127798,2003,14.6333335712552,12.0333336045345,32.2609474240467,863.537494487106,32.7000007629395,-4.59999990463257,37.300000667572,19.1333335240682,4.61666679382324,24.8166672388713,3.1666665772597,1113.90002155304,151.600006103516,10.8000001907349,39.9278693714838,344.600006103516,197.600003242493,335.100006103516,211.40000629425
SRR29127797,2002,17.2333335454265,11.5500001162291,34.684685828385,844.08997364301,33.2999992370605,0,33.2999992370605,17.266666730245,27.1500002543132,27.1500002543132,6.8333335618178,1380.90000915527,256.5,47.7999992370605,55.6752733563302,473.999996185303,226.900005340576,226.900005340576,402.200004577637
SRR29127795,1977,19.8833335787058,9.96666658918063,31.6402098376055,730.66077264314,33.4000015258789,1.89999997615814,31.5000015497208,27.5666669209798,23.966667175293,27.8500003814697,9.80000009139379,1203.20001220703,202.300003051758,32.4000015258789,58.4465197885674,558.800003051758,129.900005340576,412.600002288818,228.000003814697
SRR29127783,1946,26.6833337148031,8.09999974568685,63.281251785035,82.6639742557361,33.5,20.7000007629395,12.7999992370605,26.6166674296061,25.7666670481364,27.7000001271566,25.6500002543132,2039.7000579834,356.399993896484,0.5,77.1916731359496,861.500015258789,75.8000030517578,435.100006103516,272.700012207031
SRR29127754,1957,18.9375002185504,12.4250000715256,41.6946301784694,630.959315691689,33.7000007629395,3.90000009536743,29.800000667572,17.766667286555,12.300000111262,26.9666665395101,11.8333334922791,1578.90000152588,240.699996948242,67.7000045776367,44.8030495364698,514.599998474121,275.900001525879,382.5,426.599998474121
SRR29127741,1974,22.9500002861023,11.2166665395101,51.4525983549177,394.910804600922,32.5,10.6999998092651,21.8000001907349,27.016666730245,19.6166671117147,27.4666668574015,18.5166670481364,1133.10002803802,335.700012207031,6.40000009536743,103.68365864581,680.20002746582,58.3000001907349,497.200012207031,100.799999237061
SRR29127777,1996,27.7500002384186,7.26666657129924,85.4901949564616,26.0244616831446,32,23.5,8.5,27.7833337783813,27.7000001271566,28.0500001907349,27.5,2872.80004882812,412.800018310547,107,36.6371956847686,910.300033569336,505.300003051758,687.600006103516,818.800003051758
SRR29127781,1952,27.0750005245209,8.5666667620341,70.7988966277499,97.4796023517749,33.9000015258789,21.8000011444092,12.1000003814697,26.6333338419596,27.5666675567627,28.4333337148031,26.1166671117147,2088.40002250671,673.799987792969,12.4000005722046,110.165441421023,1185.90000915527,53.1000022888184,531.899991989136,186.100010871887
SRR29127774,1929,23.9250005086263,10.1000000635783,77.6923081813714,86.85147981874,30.1000003814697,17.1000003814697,13,24.216667175293,23.0333337783813,24.9166669845581,22.7833340962728,1944.60000181198,511.899993896484,5.7000002861023,116.401851038127,1236.60000610352,44.6000008583069,456.799996376038,76.4000000953674
SRR29127790,1976,17.48750034223,13.3083340475957,40.4508614904696,713.904535108732,32.9000015258789,0,32.9000015258789,23.9333340326945,9.18333344658216,25.9333340326945,7.9833334783713,1291.40002059937,196.300003051758,51.7999992370605,35.5103599279345,414.000007629395,259.800006866455,288.600006103516,325.100006103516
SRR29127740,1967,18.9458336730798,13.9083334803581,48.9730038146888,586.071149391482,32.2000007629395,3.79999995231628,28.4000008106232,25.916667620341,20.2333334287008,25.916667620341,11.5333333412806,1487.60000610352,224.199996948242,32.2999992370605,50.3678037702103,599.100006103516,172.300003051758,599.100006103516,392.199996948242
SRR29127792,2014,19.6166670074066,11.6333337326845,36.1283630346527,698.610108784113,33.6000022888184,1.39999997615814,32.2000023126602,15.5166668097178,11.6500002344449,27.3500006993612,11.4666668375333,1520.70002746582,232.199996948242,72.8000030517578,36.8917011918216,512.800003051758,255.600006103516,413.400009155273,305.300003051758
SRR29127738,1985,18.2666671847304,13.8166672835747,38.8108606608557,764.634025494074,33.1000022888184,-2.5,35.6000022888184,25.0333342552185,18.8666670322418,26.3000011444092,7.06666691104571,1046.20001602173,182.100006103516,27.2000007629395,54.1763219410116,352.700004577637,160.900001525879,349.600006103516,306.500007629395
SRR29127796,2001,18.2000004490837,13.0333337703099,40.3508766415035,670.284907187377,32.4000015258789,0.100000001490116,32.3000015243888,17.6833338737488,14.7666670481364,26.3500006993612,10.1666665238639,1070.3000164032,284.600006103516,17.8000011444092,79.1235437240563,435.500015258789,109.300001144409,324.099994659424,159.100006103516
SRR29127788,1951,14.9000001475215,9.18333361049493,28.0835892891082,767.667659696401,31.3999996185303,-1.30000007152557,32.6999996900558,24.0666666030884,5.76666674017906,24.1500002543132,5.76666674017906,1502.90003204346,206.699996948242,35.7000007629395,40.7770511835749,543.300003051758,165.900001525879,478.500015258789,165.900001525879
SRR29127743,1989,20.6000005702178,12.6000006397565,41.3114784761942,561.293174224615,32.7999992370605,2.29999995231628,30.4999992847443,26.9666674931844,16.6333336830139,26.9666674931844,13.6333336432775,1259.80002212524,254.300003051758,31,68.357111513935,599.400009155273,148.099998474121,599.400009155273,154.200004577637
SRR29127751,1990,19.9875002702077,12.975000222524,45.6866195813489,588.585084551765,34.7000007629395,6.30000019073486,28.4000005722046,13.0333334604899,24.2666672070821,27.3166669209798,13.0333334604899,1701.60001373291,390.100006103516,64.2000045776367,64.6622415381625,764.400009155273,232.800003051758,287.700004577637,764.400009155273
SRR29127746,1996,19.4041669865449,12.2416668534279,40.1366135754338,665.543029575475,33.7999992370605,3.29999995231628,30.4999992847443,14.4166671435038,15.9833335081736,27.2333335876465,11.5666671991348,1508.90000915527,178.300003051758,52.4000015258789,31.2172486392265,438.099998474121,294.900009155273,430,354.600006103516
SRR29127745,1999,19.2708335618178,12.4250002106031,37.3123129981831,691.70232727638,36,2.70000004768372,33.2999999523163,12.5833333333333,19.0166668097178,27.8500006993612,11.0666666428248,1253.50001335144,304,31.8999996185303,71.0880537484924,476.400005340576,176.500005722046,236.299999237061,452.299999237061
SRR29127747,1974,19.6916670401891,12.916667064031,44.8495388623143,548.824512757355,33.5,4.7000002861023,28.7999997138977,20.3500003814697,14.9333336353302,26.200000445048,13.2333335081736,1824.50003051758,244.600006103516,73.0999984741211,31.9948860828774,586.400009155273,338.5,397.700012207031,478.700004577637
SRR29127787,1955,15.2000002115965,8.3000001013279,25.9374993987149,846.557215197873,31.3000011444092,-0.699999988079071,32.0000011324883,17.9333333969116,6.89999998609225,25.7333339055379,5.20000006755193,1340.50001907349,170.300003051758,24,41.6420700503619,446.100006103516,139.600002288818,355.800003051758,175.299999237061
SRR29127769,1932,22.6916670401891,5.24999976158142,27.486907825087,520.767951085718,30.8000011444092,11.6999998092651,19.100001335144,28.1333338419596,18.3833338419596,28.1333338419596,15.9666666984558,2282.60007496178,611.600036621094,0.200000002980232,110.813011203723,1560.50006103516,74.6000043898821,1560.50006103516,133.200007632375
SRR29127766,1966,21.4166670242945,7.7666666507721,33.9155754591692,563.295209590538,33,10.1000003814697,22.8999996185303,27.6166667938232,13.9166673024495,27.6166667938232,13.9166673024495,1473.70001220703,518.5,22.3999996185303,115.490399774993,928.800003051758,85.6000022888184,928.800003051758,85.6000022888184
SRR29127771,2002,24.1916669607162,6.13333344459534,33.3333346290865,422.437893208538,32.5,14.1000003814697,18.3999996185303,28.7166668574015,19.9833339055379,28.8000001907349,18.550000667572,1628.70000648499,307.600006103516,17.5,79.2281136372749,867.899993896484,102.89999961853,821.800003051758,105.60000038147
SRR29127778,1945,26.8333334128062,7.25000015894572,76.315791146797,90.3360734084912,31.5,22,9.5,26,27.6833333969116,27.6833333969116,25.6166667938232,3953.90005493164,605,177.300003051758,46.3690237736243,1656.69998168945,549.900009155273,549.900009155273,1312.40002441406
SRR29127733,1972,19.7958335081736,12.8249999682109,45.3180200200722,579.005646897157,33.7000007629395,5.40000009536743,28.300000667572,24.6500000953674,24.7833336194356,26.8166669209798,13.1166666348775,1320.60001754761,185.5,35.2000007629395,42.8889435264504,434.600006103516,201.700004577637,276.200004577637,432.000007629395
SRR29127776,1982,21.2250004609426,6.66666682561239,33.0032998703821,493.726556544051,31.3000011444092,11.1000003814697,20.2000007629395,26.6500005722046,14.8666672706604,26.9333343505859,14.8666672706604,2068.10004806519,470.300018310547,26.2000007629395,71.5529475139183,965.500030517578,279.600009918213,550.80001449585,279.600009918213
